long-$	w000 w001 w002 w003 w004 w005 w006 w007 w008 w009 w010 w011 w012 w013 w014 w015 w016 w017 w018 w019 w020 w021 w022 w023 w024 w025 w026 w027 w028 w029 w030 w031 w032 w033 w034 w035 w036 w037 w038 w039 w040 w041 w042 w043 w044 w045 w046 w047 w048 w049 w050 w051 w052 w053 w054 w055 w056 w057 w058 w059 w060 w061 w062 w063 w064 w065 w066 w067 w068 w069 w070 w071 w072 w073 w074 w075 w076 w077 w078 w079 w080 w081 w082 w083 w084 w085 w086 w087 w088 w089 w090 w091 w092 w093 w094 w095 w096 w097 w098 w099 tail\nend	0	$	*	503	normal
long-100w	w000 w001 w002 w003 w004 w005 w006 w007 w008 w009 w010 w011 w012 w013 w014 w015 w016 w017 w018 w019 w020 w021 w022 w023 w024 w025 w026 w027 w028 w029 w030 w031 w032 w033 w034 w035 w036 w037 w038 w039 w040 w041 w042 w043 w044 w045 w046 w047 w048 w049 w050 w051 w052 w053 w054 w055 w056 w057 w058 w059 w060 w061 w062 w063 w064 w065 w066 w067 w068 w069 w070 w071 w072 w073 w074 w075 w076 w077 w078 w079 w080 w081 w082 w083 w084 w085 w086 w087 w088 w089 w090 w091 w092 w093 w094 w095 w096 w097 w098 w099 tail\nend	0	100w	*	500	normal
long-0	w000 w001 w002 w003 w004 w005 w006 w007 w008 w009 w010 w011 w012 w013 w014 w015 w016 w017 w018 w019 w020 w021 w022 w023 w024 w025 w026 w027 w028 w029 w030 w031 w032 w033 w034 w035 w036 w037 w038 w039 w040 w041 w042 w043 w044 w045 w046 w047 w048 w049 w050 w051 w052 w053 w054 w055 w056 w057 w058 w059 w060 w061 w062 w063 w064 w065 w066 w067 w068 w069 w070 w071 w072 w073 w074 w075 w076 w077 w078 w079 w080 w081 w082 w083 w084 w085 w086 w087 w088 w089 w090 w091 w092 w093 w094 w095 w096 w097 w098 w099 tail\nend	300	0	*	0	normal
long-j	w000 w001 w002 w003 w004 w005 w006 w007 w008 w009 w010 w011 w012 w013 w014 w015 w016 w017 w018 w019 w020 w021 w022 w023 w024 w025 w026 w027 w028 w029 w030 w031 w032 w033 w034 w035 w036 w037 w038 w039 w040 w041 w042 w043 w044 w045 w046 w047 w048 w049 w050 w051 w052 w053 w054 w055 w056 w057 w058 w059 w060 w061 w062 w063 w064 w065 w066 w067 w068 w069 w070 w071 w072 w073 w074 w075 w076 w077 w078 w079 w080 w081 w082 w083 w084 w085 w086 w087 w088 w089 w090 w091 w092 w093 w094 w095 w096 w097 w098 w099 tail\nend	300	j	*	507	normal
long-9999l	w000 w001 w002 w003 w004 w005 w006 w007 w008 w009 w010 w011 w012 w013 w014 w015 w016 w017 w018 w019 w020 w021 w022 w023 w024 w025 w026 w027 w028 w029 w030 w031 w032 w033 w034 w035 w036 w037 w038 w039 w040 w041 w042 w043 w044 w045 w046 w047 w048 w049 w050 w051 w052 w053 w054 w055 w056 w057 w058 w059 w060 w061 w062 w063 w064 w065 w066 w067 w068 w069 w070 w071 w072 w073 w074 w075 w076 w077 w078 w079 w080 w081 w082 w083 w084 w085 w086 w087 w088 w089 w090 w091 w092 w093 w094 w095 w096 w097 w098 w099 tail\nend	0	9999l	*	503	normal
long-fZ-miss	w000 w001 w002 w003 w004 w005 w006 w007 w008 w009 w010 w011 w012 w013 w014 w015 w016 w017 w018 w019 w020 w021 w022 w023 w024 w025 w026 w027 w028 w029 w030 w031 w032 w033 w034 w035 w036 w037 w038 w039 w040 w041 w042 w043 w044 w045 w046 w047 w048 w049 w050 w051 w052 w053 w054 w055 w056 w057 w058 w059 w060 w061 w062 w063 w064 w065 w066 w067 w068 w069 w070 w071 w072 w073 w074 w075 w076 w077 w078 w079 w080 w081 w082 w083 w084 w085 w086 w087 w088 w089 w090 w091 w092 w093 w094 w095 w096 w097 w098 w099 tail\nend	10	fZ	*	10	normal
d5l-at20	alpha beta gamma delta\none two three four five\n\nfoo(bar, baz); qu.end	20	d5l	alpha beta gamma del\none two three four five\n\nfoo(bar, baz); qu.end	19	normal
2l-at20	alpha beta gamma delta\none two three four five\n\nfoo(bar, baz); qu.end	20	2l	alpha beta gamma delta\none two three four five\n\nfoo(bar, baz); qu.end	21	normal
l-9999	alpha beta gamma delta\none two three four five\n\nfoo(bar, baz); qu.end	0	9999l	alpha beta gamma delta\none two three four five\n\nfoo(bar, baz); qu.end	21	normal
h-huge	alpha beta gamma delta\none two three four five\n\nfoo(bar, baz); qu.end	68	99999999999999999999h	alpha beta gamma delta\none two three four five\n\nfoo(bar, baz); qu.end	48	normal
