emoji-l	a\u{1f600}b c	0	l	a\u{1f600}b c	1	normal
emoji-ll	a\u{1f600}b c	0	l l	a\u{1f600}b c	3	normal
emoji-h	a\u{1f600}b c	3	h	a\u{1f600}b c	1	normal
emoji-x	a\u{1f600}b c	1	x	ab c	1	normal
emoji-$	a\u{1f600}b c	0	$	a\u{1f600}b c	5	normal
zwj-ll	x\u{1f468}\u{200d}\u{1f469}\u{200d}\u{1f467}y	0	l l	x\u{1f468}\u{200d}\u{1f469}\u{200d}\u{1f467}y	9	normal
zwj-x	x\u{1f468}\u{200d}\u{1f469}\u{200d}\u{1f467}y	1	x	xy	1	normal
zwj-h	x\u{1f468}\u{200d}\u{1f469}\u{200d}\u{1f467}y	9	h	x\u{1f468}\u{200d}\u{1f469}\u{200d}\u{1f467}y	1	normal
cjk-w	\u{4f60}\u{597d}\u{4e16}\u{754c} abc	0	w	\u{4f60}\u{597d}\u{4e16}\u{754c} abc	5	normal
cjk-x	\u{4f60}\u{597d}\u{4e16}\u{754c} abc	0	x	\u{597d}\u{4e16}\u{754c} abc	0	normal
long-$	w000 w001 w002 w003 w004 w005 w006 w007 w008 w009 w010 w011 w012 w013 w014 w015 w016 w017 w018 w019 w020 w021 w022 w023 w024 w025 w026 w027 w028 w029 w030 w031 w032 w033 w034 w035 w036 w037 w038 w039 w040 w041 w042 w043 w044 w045 w046 w047 w048 w049 w050 w051 w052 w053 w054 w055 w056 w057 w058 w059 w060 w061 w062 w063 w064 w065 w066 w067 w068 w069 w070 w071 w072 w073 w074 w075 w076 w077 w078 w079 w080 w081 w082 w083 w084 w085 w086 w087 w088 w089 w090 w091 w092 w093 w094 w095 w096 w097 w098 w099 tail\nend	0	$	w000 w001 w002 w003 w004 w005 w006 w007 w008 w009 w010 w011 w012 w013 w014 w015 w016 w017 w018 w019 w020 w021 w022 w023 w024 w025 w026 w027 w028 w029 w030 w031 w032 w033 w034 w035 w036 w037 w038 w039 w040 w041 w042 w043 w044 w045 w046 w047 w048 w049 w050 w051 w052 w053 w054 w055 w056 w057 w058 w059 w060 w061 w062 w063 w064 w065 w066 w067 w068 w069 w070 w071 w072 w073 w074 w075 w076 w077 w078 w079 w080 w081 w082 w083 w084 w085 w086 w087 w088 w089 w090 w091 w092 w093 w094 w095 w096 w097 w098 w099 tail\nend	503	normal
long-100w	w000 w001 w002 w003 w004 w005 w006 w007 w008 w009 w010 w011 w012 w013 w014 w015 w016 w017 w018 w019 w020 w021 w022 w023 w024 w025 w026 w027 w028 w029 w030 w031 w032 w033 w034 w035 w036 w037 w038 w039 w040 w041 w042 w043 w044 w045 w046 w047 w048 w049 w050 w051 w052 w053 w054 w055 w056 w057 w058 w059 w060 w061 w062 w063 w064 w065 w066 w067 w068 w069 w070 w071 w072 w073 w074 w075 w076 w077 w078 w079 w080 w081 w082 w083 w084 w085 w086 w087 w088 w089 w090 w091 w092 w093 w094 w095 w096 w097 w098 w099 tail\nend	0	100w	w000 w001 w002 w003 w004 w005 w006 w007 w008 w009 w010 w011 w012 w013 w014 w015 w016 w017 w018 w019 w020 w021 w022 w023 w024 w025 w026 w027 w028 w029 w030 w031 w032 w033 w034 w035 w036 w037 w038 w039 w040 w041 w042 w043 w044 w045 w046 w047 w048 w049 w050 w051 w052 w053 w054 w055 w056 w057 w058 w059 w060 w061 w062 w063 w064 w065 w066 w067 w068 w069 w070 w071 w072 w073 w074 w075 w076 w077 w078 w079 w080 w081 w082 w083 w084 w085 w086 w087 w088 w089 w090 w091 w092 w093 w094 w095 w096 w097 w098 w099 tail\nend	500	normal
long-0	w000 w001 w002 w003 w004 w005 w006 w007 w008 w009 w010 w011 w012 w013 w014 w015 w016 w017 w018 w019 w020 w021 w022 w023 w024 w025 w026 w027 w028 w029 w030 w031 w032 w033 w034 w035 w036 w037 w038 w039 w040 w041 w042 w043 w044 w045 w046 w047 w048 w049 w050 w051 w052 w053 w054 w055 w056 w057 w058 w059 w060 w061 w062 w063 w064 w065 w066 w067 w068 w069 w070 w071 w072 w073 w074 w075 w076 w077 w078 w079 w080 w081 w082 w083 w084 w085 w086 w087 w088 w089 w090 w091 w092 w093 w094 w095 w096 w097 w098 w099 tail\nend	300	0	w000 w001 w002 w003 w004 w005 w006 w007 w008 w009 w010 w011 w012 w013 w014 w015 w016 w017 w018 w019 w020 w021 w022 w023 w024 w025 w026 w027 w028 w029 w030 w031 w032 w033 w034 w035 w036 w037 w038 w039 w040 w041 w042 w043 w044 w045 w046 w047 w048 w049 w050 w051 w052 w053 w054 w055 w056 w057 w058 w059 w060 w061 w062 w063 w064 w065 w066 w067 w068 w069 w070 w071 w072 w073 w074 w075 w076 w077 w078 w079 w080 w081 w082 w083 w084 w085 w086 w087 w088 w089 w090 w091 w092 w093 w094 w095 w096 w097 w098 w099 tail\nend	0	normal
long-j	w000 w001 w002 w003 w004 w005 w006 w007 w008 w009 w010 w011 w012 w013 w014 w015 w016 w017 w018 w019 w020 w021 w022 w023 w024 w025 w026 w027 w028 w029 w030 w031 w032 w033 w034 w035 w036 w037 w038 w039 w040 w041 w042 w043 w044 w045 w046 w047 w048 w049 w050 w051 w052 w053 w054 w055 w056 w057 w058 w059 w060 w061 w062 w063 w064 w065 w066 w067 w068 w069 w070 w071 w072 w073 w074 w075 w076 w077 w078 w079 w080 w081 w082 w083 w084 w085 w086 w087 w088 w089 w090 w091 w092 w093 w094 w095 w096 w097 w098 w099 tail\nend	300	j	w000 w001 w002 w003 w004 w005 w006 w007 w008 w009 w010 w011 w012 w013 w014 w015 w016 w017 w018 w019 w020 w021 w022 w023 w024 w025 w026 w027 w028 w029 w030 w031 w032 w033 w034 w035 w036 w037 w038 w039 w040 w041 w042 w043 w044 w045 w046 w047 w048 w049 w050 w051 w052 w053 w054 w055 w056 w057 w058 w059 w060 w061 w062 w063 w064 w065 w066 w067 w068 w069 w070 w071 w072 w073 w074 w075 w076 w077 w078 w079 w080 w081 w082 w083 w084 w085 w086 w087 w088 w089 w090 w091 w092 w093 w094 w095 w096 w097 w098 w099 tail\nend	507	normal
long-9999l	w000 w001 w002 w003 w004 w005 w006 w007 w008 w009 w010 w011 w012 w013 w014 w015 w016 w017 w018 w019 w020 w021 w022 w023 w024 w025 w026 w027 w028 w029 w030 w031 w032 w033 w034 w035 w036 w037 w038 w039 w040 w041 w042 w043 w044 w045 w046 w047 w048 w049 w050 w051 w052 w053 w054 w055 w056 w057 w058 w059 w060 w061 w062 w063 w064 w065 w066 w067 w068 w069 w070 w071 w072 w073 w074 w075 w076 w077 w078 w079 w080 w081 w082 w083 w084 w085 w086 w087 w088 w089 w090 w091 w092 w093 w094 w095 w096 w097 w098 w099 tail\nend	0	9999l	w000 w001 w002 w003 w004 w005 w006 w007 w008 w009 w010 w011 w012 w013 w014 w015 w016 w017 w018 w019 w020 w021 w022 w023 w024 w025 w026 w027 w028 w029 w030 w031 w032 w033 w034 w035 w036 w037 w038 w039 w040 w041 w042 w043 w044 w045 w046 w047 w048 w049 w050 w051 w052 w053 w054 w055 w056 w057 w058 w059 w060 w061 w062 w063 w064 w065 w066 w067 w068 w069 w070 w071 w072 w073 w074 w075 w076 w077 w078 w079 w080 w081 w082 w083 w084 w085 w086 w087 w088 w089 w090 w091 w092 w093 w094 w095 w096 w097 w098 w099 tail\nend	503	normal
long-fZ-miss	w000 w001 w002 w003 w004 w005 w006 w007 w008 w009 w010 w011 w012 w013 w014 w015 w016 w017 w018 w019 w020 w021 w022 w023 w024 w025 w026 w027 w028 w029 w030 w031 w032 w033 w034 w035 w036 w037 w038 w039 w040 w041 w042 w043 w044 w045 w046 w047 w048 w049 w050 w051 w052 w053 w054 w055 w056 w057 w058 w059 w060 w061 w062 w063 w064 w065 w066 w067 w068 w069 w070 w071 w072 w073 w074 w075 w076 w077 w078 w079 w080 w081 w082 w083 w084 w085 w086 w087 w088 w089 w090 w091 w092 w093 w094 w095 w096 w097 w098 w099 tail\nend	10	fZ	w000 w001 w002 w003 w004 w005 w006 w007 w008 w009 w010 w011 w012 w013 w014 w015 w016 w017 w018 w019 w020 w021 w022 w023 w024 w025 w026 w027 w028 w029 w030 w031 w032 w033 w034 w035 w036 w037 w038 w039 w040 w041 w042 w043 w044 w045 w046 w047 w048 w049 w050 w051 w052 w053 w054 w055 w056 w057 w058 w059 w060 w061 w062 w063 w064 w065 w066 w067 w068 w069 w070 w071 w072 w073 w074 w075 w076 w077 w078 w079 w080 w081 w082 w083 w084 w085 w086 w087 w088 w089 w090 w091 w092 w093 w094 w095 w096 w097 w098 w099 tail\nend	10	normal
count-999x	alpha beta gamma delta\none two three four five\n\nfoo(bar, baz); qu.end	6	999x	alpha \none two three four five\n\nfoo(bar, baz); qu.end	5	normal
count-huge	alpha beta gamma delta\none two three four five\n\nfoo(bar, baz); qu.end	0	99999999999999999999l	alpha beta gamma delta\none two three four five\n\nfoo(bar, baz); qu.end	21	normal
burst-10w	alpha beta gamma delta\none two three four five\n\nfoo(bar, baz); qu.end	0	wwwwwwwwww	alpha beta gamma delta\none two three four five\n\nfoo(bar, baz); qu.end	48	normal
burst-20x	alpha beta gamma delta\none two three four five\n\nfoo(bar, baz); qu.end	0	xxxxxxxxxxxxxxxxxxxx	ta\none two three four five\n\nfoo(bar, baz); qu.end	0	normal
burst-dot	alpha beta gamma delta\none two three four five\n\nfoo(bar, baz); qu.end	0	dw ........	\none two three four five\n\nfoo(bar, baz); qu.end	*	normal
