W	  alpha-beta gamma.delta  \ncall(x, [y], {z: 'q'}) <t>\n\nLine Four "quoted text" end\nlast	2	W	  alpha-beta gamma.delta  \ncall(x, [y], {z: 'q'}) <t>\n\nLine Four "quoted text" end\nlast	13	normal
w-punct	  alpha-beta gamma.delta  \ncall(x, [y], {z: 'q'}) <t>\n\nLine Four "quoted text" end\nlast	2	w	  alpha-beta gamma.delta  \ncall(x, [y], {z: 'q'}) <t>\n\nLine Four "quoted text" end\nlast	7	normal
E	  alpha-beta gamma.delta  \ncall(x, [y], {z: 'q'}) <t>\n\nLine Four "quoted text" end\nlast	2	E	  alpha-beta gamma.delta  \ncall(x, [y], {z: 'q'}) <t>\n\nLine Four "quoted text" end\nlast	11	normal
B	  alpha-beta gamma.delta  \ncall(x, [y], {z: 'q'}) <t>\n\nLine Four "quoted text" end\nlast	13	B	  alpha-beta gamma.delta  \ncall(x, [y], {z: 'q'}) <t>\n\nLine Four "quoted text" end\nlast	2	normal
^	  alpha-beta gamma.delta  \ncall(x, [y], {z: 'q'}) <t>\n\nLine Four "quoted text" end\nlast	8	^	  alpha-beta gamma.delta  \ncall(x, [y], {z: 'q'}) <t>\n\nLine Four "quoted text" end\nlast	2	normal
g_	  alpha-beta gamma.delta  \ncall(x, [y], {z: 'q'}) <t>\n\nLine Four "quoted text" end\nlast	0	g_	  alpha-beta gamma.delta  \ncall(x, [y], {z: 'q'}) <t>\n\nLine Four "quoted text" end\nlast	23	normal
$-vs-g_	  alpha-beta gamma.delta  \ncall(x, [y], {z: 'q'}) <t>\n\nLine Four "quoted text" end\nlast	0	$	  alpha-beta gamma.delta  \ncall(x, [y], {z: 'q'}) <t>\n\nLine Four "quoted text" end\nlast	25	normal
}	  alpha-beta gamma.delta  \ncall(x, [y], {z: 'q'}) <t>\n\nLine Four "quoted text" end\nlast	2	}	  alpha-beta gamma.delta  \ncall(x, [y], {z: 'q'}) <t>\n\nLine Four "quoted text" end\nlast	54	normal
{	  alpha-beta gamma.delta  \ncall(x, [y], {z: 'q'}) <t>\n\nLine Four "quoted text" end\nlast	60	{	  alpha-beta gamma.delta  \ncall(x, [y], {z: 'q'}) <t>\n\nLine Four "quoted text" end\nlast	54	normal
%-paren	  alpha-beta gamma.delta  \ncall(x, [y], {z: 'q'}) <t>\n\nLine Four "quoted text" end\nlast	31	%	  alpha-beta gamma.delta  \ncall(x, [y], {z: 'q'}) <t>\n\nLine Four "quoted text" end\nlast	48	normal
%-bracket	  alpha-beta gamma.delta  \ncall(x, [y], {z: 'q'}) <t>\n\nLine Four "quoted text" end\nlast	35	%	  alpha-beta gamma.delta  \ncall(x, [y], {z: 'q'}) <t>\n\nLine Four "quoted text" end\nlast	37	normal
%-back	  alpha-beta gamma.delta  \ncall(x, [y], {z: 'q'}) <t>\n\nLine Four "quoted text" end\nlast	48	%	  alpha-beta gamma.delta  \ncall(x, [y], {z: 'q'}) <t>\n\nLine Four "quoted text" end\nlast	31	normal
%-ahead	  alpha-beta gamma.delta  \ncall(x, [y], {z: 'q'}) <t>\n\nLine Four "quoted text" end\nlast	27	%	  alpha-beta gamma.delta  \ncall(x, [y], {z: 'q'}) <t>\n\nLine Four "quoted text" end\nlast	48	normal
5|	  alpha-beta gamma.delta  \ncall(x, [y], {z: 'q'}) <t>\n\nLine Four "quoted text" end\nlast	13	5|	  alpha-beta gamma.delta  \ncall(x, [y], {z: 'q'}) <t>\n\nLine Four "quoted text" end\nlast	4	normal
+	  alpha-beta gamma.delta  \ncall(x, [y], {z: 'q'}) <t>\n\nLine Four "quoted text" end\nlast	8	+	  alpha-beta gamma.delta  \ncall(x, [y], {z: 'q'}) <t>\n\nLine Four "quoted text" end\nlast	27	normal
-	  alpha-beta gamma.delta  \ncall(x, [y], {z: 'q'}) <t>\n\nLine Four "quoted text" end\nlast	32	-	  alpha-beta gamma.delta  \ncall(x, [y], {z: 'q'}) <t>\n\nLine Four "quoted text" end\nlast	2	normal
space	  alpha-beta gamma.delta  \ncall(x, [y], {z: 'q'}) <t>\n\nLine Four "quoted text" end\nlast	13	{space}	  alpha-beta gamma.delta  \ncall(x, [y], {z: 'q'}) <t>\n\nLine Four "quoted text" end\nlast	14	normal
space-wrap	  alpha-beta gamma.delta  \ncall(x, [y], {z: 'q'}) <t>\n\nLine Four "quoted text" end\nlast	25	{space}	  alpha-beta gamma.delta  \ncall(x, [y], {z: 'q'}) <t>\n\nLine Four "quoted text" end\nlast	27	normal
enter	  alpha-beta gamma.delta  \ncall(x, [y], {z: 'q'}) <t>\n\nLine Four "quoted text" end\nlast	8	{enter}	  alpha-beta gamma.delta  \ncall(x, [y], {z: 'q'}) <t>\n\nLine Four "quoted text" end\nlast	27	normal
3G	  alpha-beta gamma.delta  \ncall(x, [y], {z: 'q'}) <t>\n\nLine Four "quoted text" end\nlast	2	3G	  alpha-beta gamma.delta  \ncall(x, [y], {z: 'q'}) <t>\n\nLine Four "quoted text" end\nlast	54	normal
2gg	  alpha-beta gamma.delta  \ncall(x, [y], {z: 'q'}) <t>\n\nLine Four "quoted text" end\nlast	83	2gg	  alpha-beta gamma.delta  \ncall(x, [y], {z: 'q'}) <t>\n\nLine Four "quoted text" end\nlast	27	normal
2$	  alpha-beta gamma.delta  \ncall(x, [y], {z: 'q'}) <t>\n\nLine Four "quoted text" end\nlast	2	2$	  alpha-beta gamma.delta  \ncall(x, [y], {z: 'q'}) <t>\n\nLine Four "quoted text" end\nlast	52	normal
ctrl+d	  alpha-beta gamma.delta  \ncall(x, [y], {z: 'q'}) <t>\n\nLine Four "quoted text" end\nlast	2	{ctrl+d}	  alpha-beta gamma.delta  \ncall(x, [y], {z: 'q'}) <t>\n\nLine Four "quoted text" end\nlast	*	normal
ctrl+u	  alpha-beta gamma.delta  \ncall(x, [y], {z: 'q'}) <t>\n\nLine Four "quoted text" end\nlast	84	{ctrl+u}	  alpha-beta gamma.delta  \ncall(x, [y], {z: 'q'}) <t>\n\nLine Four "quoted text" end\nlast	*	normal
right	  alpha-beta gamma.delta  \ncall(x, [y], {z: 'q'}) <t>\n\nLine Four "quoted text" end\nlast	2	{right}	  alpha-beta gamma.delta  \ncall(x, [y], {z: 'q'}) <t>\n\nLine Four "quoted text" end\nlast	3	normal
left	  alpha-beta gamma.delta  \ncall(x, [y], {z: 'q'}) <t>\n\nLine Four "quoted text" end\nlast	4	{left}	  alpha-beta gamma.delta  \ncall(x, [y], {z: 'q'}) <t>\n\nLine Four "quoted text" end\nlast	3	normal
down	  alpha-beta gamma.delta  \ncall(x, [y], {z: 'q'}) <t>\n\nLine Four "quoted text" end\nlast	2	{down}	  alpha-beta gamma.delta  \ncall(x, [y], {z: 'q'}) <t>\n\nLine Four "quoted text" end\nlast	29	normal
up	  alpha-beta gamma.delta  \ncall(x, [y], {z: 'q'}) <t>\n\nLine Four "quoted text" end\nlast	29	{up}	  alpha-beta gamma.delta  \ncall(x, [y], {z: 'q'}) <t>\n\nLine Four "quoted text" end\nlast	2	normal
home	  alpha-beta gamma.delta  \ncall(x, [y], {z: 'q'}) <t>\n\nLine Four "quoted text" end\nlast	13	{home}	  alpha-beta gamma.delta  \ncall(x, [y], {z: 'q'}) <t>\n\nLine Four "quoted text" end\nlast	0	normal
end	  alpha-beta gamma.delta  \ncall(x, [y], {z: 'q'}) <t>\n\nLine Four "quoted text" end\nlast	2	{end}	  alpha-beta gamma.delta  \ncall(x, [y], {z: 'q'}) <t>\n\nLine Four "quoted text" end\nlast	25	normal
delete	  alpha-beta gamma.delta  \ncall(x, [y], {z: 'q'}) <t>\n\nLine Four "quoted text" end\nlast	2	{delete}	  lpha-beta gamma.delta  \ncall(x, [y], {z: 'q'}) <t>\n\nLine Four "quoted text" end\nlast	2	normal
backspace-wrap	  alpha-beta gamma.delta  \ncall(x, [y], {z: 'q'}) <t>\n\nLine Four "quoted text" end\nlast	27	{backspace}	  alpha-beta gamma.delta  \ncall(x, [y], {z: 'q'}) <t>\n\nLine Four "quoted text" end\nlast	25	normal
>>	  alpha-beta gamma.delta  \ncall(x, [y], {z: 'q'}) <t>\n\nLine Four "quoted text" end\nlast	32	>>	  alpha-beta gamma.delta  \n  call(x, [y], {z: 'q'}) <t>\n\nLine Four "quoted text" end\nlast	29	normal
<<	  alpha-beta gamma.delta  \ncall(x, [y], {z: 'q'}) <t>\n\nLine Four "quoted text" end\nlast	8	<<	alpha-beta gamma.delta  \ncall(x, [y], {z: 'q'}) <t>\n\nLine Four "quoted text" end\nlast	0	normal
>j	  alpha-beta gamma.delta  \ncall(x, [y], {z: 'q'}) <t>\n\nLine Four "quoted text" end\nlast	2	>j	    alpha-beta gamma.delta  \n  call(x, [y], {z: 'q'}) <t>\n\nLine Four "quoted text" end\nlast	4	normal
V-j->	  alpha-beta gamma.delta  \ncall(x, [y], {z: 'q'}) <t>\n\nLine Four "quoted text" end\nlast	2	V j >	    alpha-beta gamma.delta  \n  call(x, [y], {z: 'q'}) <t>\n\nLine Four "quoted text" end\nlast	4	normal
>>-dot	  alpha-beta gamma.delta  \ncall(x, [y], {z: 'q'}) <t>\n\nLine Four "quoted text" end\nlast	32	>> .	  alpha-beta gamma.delta  \n    call(x, [y], {z: 'q'}) <t>\n\nLine Four "quoted text" end\nlast	31	normal
2>>	  alpha-beta gamma.delta  \ncall(x, [y], {z: 'q'}) <t>\n\nLine Four "quoted text" end\nlast	55	2>>	  alpha-beta gamma.delta  \ncall(x, [y], {z: 'q'}) <t>\n\n  Line Four "quoted text" end\n  last	57	normal
guiw	  alpha-beta gamma.delta  \ncall(x, [y], {z: 'q'}) <t>\n\nLine Four "quoted text" end\nlast	55	guiw	  alpha-beta gamma.delta  \ncall(x, [y], {z: 'q'}) <t>\n\nline Four "quoted text" end\nlast	55	normal
gUiw	  alpha-beta gamma.delta  \ncall(x, [y], {z: 'q'}) <t>\n\nLine Four "quoted text" end\nlast	55	gUiw	  alpha-beta gamma.delta  \ncall(x, [y], {z: 'q'}) <t>\n\nLINE Four "quoted text" end\nlast	55	normal
g~iw	  alpha-beta gamma.delta  \ncall(x, [y], {z: 'q'}) <t>\n\nLine Four "quoted text" end\nlast	55	g~iw	  alpha-beta gamma.delta  \ncall(x, [y], {z: 'q'}) <t>\n\nlINE Four "quoted text" end\nlast	55	normal
guu	  alpha-beta gamma.delta  \ncall(x, [y], {z: 'q'}) <t>\n\nLine Four "quoted text" end\nlast	60	guu	  alpha-beta gamma.delta  \ncall(x, [y], {z: 'q'}) <t>\n\nline four "quoted text" end\nlast	*	normal
gUU	  alpha-beta gamma.delta  \ncall(x, [y], {z: 'q'}) <t>\n\nLine Four "quoted text" end\nlast	60	gUU	  alpha-beta gamma.delta  \ncall(x, [y], {z: 'q'}) <t>\n\nLINE FOUR "QUOTED TEXT" END\nlast	*	normal
g~~	  alpha-beta gamma.delta  \ncall(x, [y], {z: 'q'}) <t>\n\nLine Four "quoted text" end\nlast	60	g~~	  alpha-beta gamma.delta  \ncall(x, [y], {z: 'q'}) <t>\n\nlINE fOUR "QUOTED TEXT" END\nlast	*	normal
gUw	  alpha-beta gamma.delta  \ncall(x, [y], {z: 'q'}) <t>\n\nLine Four "quoted text" end\nlast	60	gUw	  alpha-beta gamma.delta  \ncall(x, [y], {z: 'q'}) <t>\n\nLine FOUR "quoted text" end\nlast	60	normal
v-U	  alpha-beta gamma.delta  \ncall(x, [y], {z: 'q'}) <t>\n\nLine Four "quoted text" end\nlast	60	v e U	  alpha-beta gamma.delta  \ncall(x, [y], {z: 'q'}) <t>\n\nLine FOUR "quoted text" end\nlast	60	normal
v-u	  alpha-beta gamma.delta  \ncall(x, [y], {z: 'q'}) <t>\n\nLine Four "quoted text" end\nlast	55	v e u	  alpha-beta gamma.delta  \ncall(x, [y], {z: 'q'}) <t>\n\nline Four "quoted text" end\nlast	55	normal
v-~	  alpha-beta gamma.delta  \ncall(x, [y], {z: 'q'}) <t>\n\nLine Four "quoted text" end\nlast	55	v e ~	  alpha-beta gamma.delta  \ncall(x, [y], {z: 'q'}) <t>\n\nlINE Four "quoted text" end\nlast	55	normal
U-normal-noop	  alpha-beta gamma.delta  \ncall(x, [y], {z: 'q'}) <t>\n\nLine Four "quoted text" end\nlast	55	U	  alpha-beta gamma.delta  \ncall(x, [y], {z: 'q'}) <t>\n\nLine Four "quoted text" end\nlast	55	normal
4~	  alpha-beta gamma.delta  \ncall(x, [y], {z: 'q'}) <t>\n\nLine Four "quoted text" end\nlast	55	4~	  alpha-beta gamma.delta  \ncall(x, [y], {z: 'q'}) <t>\n\nlINE Four "quoted text" end\nlast	59	normal
C	  alpha-beta gamma.delta  \ncall(x, [y], {z: 'q'}) <t>\n\nLine Four "quoted text" end\nlast	13	C	  alpha-beta \ncall(x, [y], {z: 'q'}) <t>\n\nLine Four "quoted text" end\nlast	13	insert
Y-P	  alpha-beta gamma.delta  \ncall(x, [y], {z: 'q'}) <t>\n\nLine Four "quoted text" end\nlast	84	Y k P	  alpha-beta gamma.delta  \ncall(x, [y], {z: 'q'}) <t>\n\nlast\nLine Four "quoted text" end\nlast	55	normal
S	  alpha-beta gamma.delta  \ncall(x, [y], {z: 'q'}) <t>\n\nLine Four "quoted text" end\nlast	8	S	\ncall(x, [y], {z: 'q'}) <t>\n\nLine Four "quoted text" end\nlast	0	insert
s	  alpha-beta gamma.delta  \ncall(x, [y], {z: 'q'}) <t>\n\nLine Four "quoted text" end\nlast	2	s	  lpha-beta gamma.delta  \ncall(x, [y], {z: 'q'}) <t>\n\nLine Four "quoted text" end\nlast	2	insert
3s	  alpha-beta gamma.delta  \ncall(x, [y], {z: 'q'}) <t>\n\nLine Four "quoted text" end\nlast	2	3s	  ha-beta gamma.delta  \ncall(x, [y], {z: 'q'}) <t>\n\nLine Four "quoted text" end\nlast	2	insert
X	  alpha-beta gamma.delta  \ncall(x, [y], {z: 'q'}) <t>\n\nLine Four "quoted text" end\nlast	4	X	  apha-beta gamma.delta  \ncall(x, [y], {z: 'q'}) <t>\n\nLine Four "quoted text" end\nlast	3	normal
3X	  alpha-beta gamma.delta  \ncall(x, [y], {z: 'q'}) <t>\n\nLine Four "quoted text" end\nlast	5	3X	  ha-beta gamma.delta  \ncall(x, [y], {z: 'q'}) <t>\n\nLine Four "quoted text" end\nlast	2	normal
X-bol	  alpha-beta gamma.delta  \ncall(x, [y], {z: 'q'}) <t>\n\nLine Four "quoted text" end\nlast	27	X	  alpha-beta gamma.delta  \ncall(x, [y], {z: 'q'}) <t>\n\nLine Four "quoted text" end\nlast	27	normal
3rx	  alpha-beta gamma.delta  \ncall(x, [y], {z: 'q'}) <t>\n\nLine Four "quoted text" end\nlast	2	3rx	  xxxha-beta gamma.delta  \ncall(x, [y], {z: 'q'}) <t>\n\nLine Four "quoted text" end\nlast	4	normal
J	  alpha-beta gamma.delta  \ncall(x, [y], {z: 'q'}) <t>\n\nLine Four "quoted text" end\nlast	60	J	  alpha-beta gamma.delta  \ncall(x, [y], {z: 'q'}) <t>\n\nLine Four "quoted text" end last	82	normal
J-lead-ws	  alpha-beta gamma.delta  \ncall(x, [y], {z: 'q'}) <t>\n\nLine Four "quoted text" end\nlast	0	J	  alpha-beta gamma.delta  call(x, [y], {z: 'q'}) <t>\n\nLine Four "quoted text" end\nlast	*	normal
v-J	  alpha-beta gamma.delta  \ncall(x, [y], {z: 'q'}) <t>\n\nLine Four "quoted text" end\nlast	0	V j J	  alpha-beta gamma.delta  call(x, [y], {z: 'q'}) <t>\n\nLine Four "quoted text" end\nlast	*	normal
yiw-P	  alpha-beta gamma.delta  \ncall(x, [y], {z: 'q'}) <t>\n\nLine Four "quoted text" end\nlast	13	yiw w P	  alpha-beta gamma.gammadelta  \ncall(x, [y], {z: 'q'}) <t>\n\nLine Four "quoted text" end\nlast	23	normal
diw	  alpha-beta gamma.delta  \ncall(x, [y], {z: 'q'}) <t>\n\nLine Four "quoted text" end\nlast	14	diw	  alpha-beta .delta  \ncall(x, [y], {z: 'q'}) <t>\n\nLine Four "quoted text" end\nlast	13	normal
daw	  alpha-beta gamma.delta  \ncall(x, [y], {z: 'q'}) <t>\n\nLine Four "quoted text" end\nlast	61	daw	  alpha-beta gamma.delta  \ncall(x, [y], {z: 'q'}) <t>\n\nLine "quoted text" end\nlast	60	normal
ciW	  alpha-beta gamma.delta  \ncall(x, [y], {z: 'q'}) <t>\n\nLine Four "quoted text" end\nlast	8	ciW	   gamma.delta  \ncall(x, [y], {z: 'q'}) <t>\n\nLine Four "quoted text" end\nlast	2	insert
daW	  alpha-beta gamma.delta  \ncall(x, [y], {z: 'q'}) <t>\n\nLine Four "quoted text" end\nlast	8	daW	  gamma.delta  \ncall(x, [y], {z: 'q'}) <t>\n\nLine Four "quoted text" end\nlast	2	normal
di(	  alpha-beta gamma.delta  \ncall(x, [y], {z: 'q'}) <t>\n\nLine Four "quoted text" end\nlast	36	di(	  alpha-beta gamma.delta  \ncall() <t>\n\nLine Four "quoted text" end\nlast	32	normal
dib	  alpha-beta gamma.delta  \ncall(x, [y], {z: 'q'}) <t>\n\nLine Four "quoted text" end\nlast	36	dib	  alpha-beta gamma.delta  \ncall() <t>\n\nLine Four "quoted text" end\nlast	32	normal
da(	  alpha-beta gamma.delta  \ncall(x, [y], {z: 'q'}) <t>\n\nLine Four "quoted text" end\nlast	32	da(	  alpha-beta gamma.delta  \ncall <t>\n\nLine Four "quoted text" end\nlast	31	normal
di[	  alpha-beta gamma.delta  \ncall(x, [y], {z: 'q'}) <t>\n\nLine Four "quoted text" end\nlast	36	di[	  alpha-beta gamma.delta  \ncall(x, [], {z: 'q'}) <t>\n\nLine Four "quoted text" end\nlast	36	normal
da{	  alpha-beta gamma.delta  \ncall(x, [y], {z: 'q'}) <t>\n\nLine Four "quoted text" end\nlast	41	da{	  alpha-beta gamma.delta  \ncall(x, [y], ) <t>\n\nLine Four "quoted text" end\nlast	40	normal
diB	  alpha-beta gamma.delta  \ncall(x, [y], {z: 'q'}) <t>\n\nLine Four "quoted text" end\nlast	41	diB	  alpha-beta gamma.delta  \ncall(x, [y], {}) <t>\n\nLine Four "quoted text" end\nlast	41	normal
di'	  alpha-beta gamma.delta  \ncall(x, [y], {z: 'q'}) <t>\n\nLine Four "quoted text" end\nlast	45	di'	  alpha-beta gamma.delta  \ncall(x, [y], {z: ''}) <t>\n\nLine Four "quoted text" end\nlast	45	normal
di<	  alpha-beta gamma.delta  \ncall(x, [y], {z: 'q'}) <t>\n\nLine Four "quoted text" end\nlast	51	di<	  alpha-beta gamma.delta  \ncall(x, [y], {z: 'q'}) <>\n\nLine Four "quoted text" end\nlast	51	normal
ci"	  alpha-beta gamma.delta  \ncall(x, [y], {z: 'q'}) <t>\n\nLine Four "quoted text" end\nlast	73	ci" NEW {esc}	  alpha-beta gamma.delta  \ncall(x, [y], {z: 'q'}) <t>\n\nLine Four "NEW" end\nlast	68	normal
da"	  alpha-beta gamma.delta  \ncall(x, [y], {z: 'q'}) <t>\n\nLine Four "quoted text" end\nlast	66	da"	  alpha-beta gamma.delta  \ncall(x, [y], {z: 'q'}) <t>\n\nLine Four end\nlast	65	normal
yi(-p	  alpha-beta gamma.delta  \ncall(x, [y], {z: 'q'}) <t>\n\nLine Four "quoted text" end\nlast	32	yi( $ p	  alpha-beta gamma.delta  \ncall(x, [y], {z: 'q'}) <t>x, [y], {z: 'q'}\n\nLine Four "quoted text" end\nlast	*	normal
dip	  alpha-beta gamma.delta  \ncall(x, [y], {z: 'q'}) <t>\n\nLine Four "quoted text" end\nlast	2	dip	\nLine Four "quoted text" end\nlast	0	normal
dap	  alpha-beta gamma.delta  \ncall(x, [y], {z: 'q'}) <t>\n\nLine Four "quoted text" end\nlast	2	dap	Line Four "quoted text" end\nlast	0	normal
viw-d	  alpha-beta gamma.delta  \ncall(x, [y], {z: 'q'}) <t>\n\nLine Four "quoted text" end\nlast	15	v i w d	  alpha-beta .delta  \ncall(x, [y], {z: 'q'}) <t>\n\nLine Four "quoted text" end\nlast	13	normal
vi(-mode	  alpha-beta gamma.delta  \ncall(x, [y], {z: 'q'}) <t>\n\nLine Four "quoted text" end\nlast	36	v i (	  alpha-beta gamma.delta  \ncall(x, [y], {z: 'q'}) <t>\n\nLine Four "quoted text" end\nlast	32,47	visual
di(-outside	  alpha-beta gamma.delta  \ncall(x, [y], {z: 'q'}) <t>\n\nLine Four "quoted text" end\nlast	60	di( l	  alpha-beta gamma.delta  \ncall(x, [y], {z: 'q'}) <t>\n\nLine Four "quoted text" end\nlast	61	normal
v-o	  alpha-beta gamma.delta  \ncall(x, [y], {z: 'q'}) <t>\n\nLine Four "quoted text" end\nlast	2	v l l o	  alpha-beta gamma.delta  \ncall(x, [y], {z: 'q'}) <t>\n\nLine Four "quoted text" end\nlast	5,2	visual
ctrl+[-insert	  alpha-beta gamma.delta  \ncall(x, [y], {z: 'q'}) <t>\n\nLine Four "quoted text" end\nlast	2	i {ctrl+lbracket}	  alpha-beta gamma.delta  \ncall(x, [y], {z: 'q'}) <t>\n\nLine Four "quoted text" end\nlast	1	normal
ctrl+[-visual	  alpha-beta gamma.delta  \ncall(x, [y], {z: 'q'}) <t>\n\nLine Four "quoted text" end\nlast	2	v l {ctrl+lbracket}	  alpha-beta gamma.delta  \ncall(x, [y], {z: 'q'}) <t>\n\nLine Four "quoted text" end\nlast	3	normal
ctrl+a	  alpha-beta gamma.delta  \ncall(x, [y], {z: 'q'}) <t>\n\nLine Four "quoted text" end\nlast	2	{ctrl+a}	  alpha-beta gamma.delta  \ncall(x, [y], {z: 'q'}) <t>\n\nLine Four "quoted text" end\nlast	*	*
?	  alpha-beta gamma.delta  \ncall(x, [y], {z: 'q'}) <t>\n\nLine Four "quoted text" end\nlast	83	?a {enter}	  alpha-beta gamma.delta  \ncall(x, [y], {z: 'q'}) <t>\n\nLine Four "quoted text" end\nlast	28	normal
?-n	  alpha-beta gamma.delta  \ncall(x, [y], {z: 'q'}) <t>\n\nLine Four "quoted text" end\nlast	83	?a {enter} n	  alpha-beta gamma.delta  \ncall(x, [y], {z: 'q'}) <t>\n\nLine Four "quoted text" end\nlast	23	normal
?-N	  alpha-beta gamma.delta  \ncall(x, [y], {z: 'q'}) <t>\n\nLine Four "quoted text" end\nlast	83	?quoted {enter} N	  alpha-beta gamma.delta  \ncall(x, [y], {z: 'q'}) <t>\n\nLine Four "quoted text" end\nlast	66	normal
/-ctrl+w	  alpha-beta gamma.delta  \ncall(x, [y], {z: 'q'}) <t>\n\nLine Four "quoted text" end\nlast	0	/xyz {ctrl+w} gamma {enter}	  alpha-beta gamma.delta  \ncall(x, [y], {z: 'q'}) <t>\n\nLine Four "quoted text" end\nlast	13	normal
/-ctrl+u	  alpha-beta gamma.delta  \ncall(x, [y], {z: 'q'}) <t>\n\nLine Four "quoted text" end\nlast	0	/abc {ctrl+u} delta {enter}	  alpha-beta gamma.delta  \ncall(x, [y], {z: 'q'}) <t>\n\nLine Four "quoted text" end\nlast	19	normal
/-bs-empty	  alpha-beta gamma.delta  \ncall(x, [y], {z: 'q'}) <t>\n\nLine Four "quoted text" end\nlast	2	/ {backspace} l	  alpha-beta gamma.delta  \ncall(x, [y], {z: 'q'}) <t>\n\nLine Four "quoted text" end\nlast	3	normal
/-ctrl+v	  alpha-beta gamma.delta  \ncall(x, [y], {z: 'q'}) <t>\n\nLine Four "quoted text" end\nlast	0	/ {ctrl+v} {enter}	  alpha-beta gamma.delta  \ncall(x, [y], {z: 'q'}) <t>\n\nLine Four "quoted text" end\nlast	66	normal
